{
  "sex": {
    "by_group": {
      "selection_rate": {
        "female": 0.6753246753246753,
        "male": 0.7861271676300579
      },
      "true_positive_rate": {
        "female": 0.7692307692307693,
        "male": 0.8699186991869918
      },
      "false_positive_rate": {
        "female": 0.48,
        "male": 0.58
      }
    },
    "difference": {
      "selection_rate": 0.11080249230538253,
      "true_positive_rate": 0.10068792995622255,
      "false_positive_rate": 0.09999999999999998
    },
    "ratio": {
      "selection_rate": 0.8590527119938884,
      "true_positive_rate": 0.8842559309849031,
      "false_positive_rate": 0.8275862068965517
    },
    "flags": {
      "selection_rate": true,
      "true_positive_rate": true,
      "false_positive_rate": true
    }
  },
  "age_group": {
    "by_group": {
      "selection_rate": {
        "adult": 0.8,
        "middle": 0.703125,
        "senior": 1.0,
        "young": 0.6097560975609756
      },
      "true_positive_rate": {
        "adult": 0.8627450980392157,
        "middle": 0.8604651162790697,
        "senior": 1.0,
        "young": 0.6363636363636364
      },
      "false_positive_rate": {
        "adult": 0.6060606060606061,
        "middle": 0.38095238095238093,
        "senior": 1.0,
        "young": 0.5789473684210527
      }
    },
    "difference": {
      "selection_rate": 0.3902439024390244,
      "true_positive_rate": 0.36363636363636365,
      "false_positive_rate": 0.6190476190476191
    },
    "ratio": {
      "selection_rate": 0.6097560975609756,
      "true_positive_rate": 0.6363636363636364,
      "false_positive_rate": 0.38095238095238093
    },
    "flags": {
      "selection_rate": true,
      "true_positive_rate": true,
      "false_positive_rate": true
    }
  }
}