{
  "gender": {
    "by_group": {
      "selection_rate": {
        "Female": 0.0766179023059757,
        "Male": 0.26718023966740034
      },
      "true_positive_rate": {
        "Female": 0.5206422018348624,
        "Male": 0.6315366049879324
      },
      "false_positive_rate": {
        "Female": 0.02279677509035307,
        "Male": 0.10804638088545326
      }
    },
    "difference": {
      "selection_rate": 0.19056233736142464,
      "true_positive_rate": 0.11089440315306998,
      "false_positive_rate": 0.08524960579510019
    },
    "ratio": {
      "selection_rate": 0.2867648535735786,
      "true_positive_rate": 0.8244054227780051,
      "false_positive_rate": 0.2109906403484385
    },
    "flags": {
      "selection_rate": true,
      "true_positive_rate": true,
      "false_positive_rate": true
    }
  },
  "race": {
    "by_group": {
      "selection_rate": {
        "Amer-Indian-Eskimo": 0.1092436974789916,
        "Asian-Pac-Islander": 0.2756756756756757,
        "Black": 0.09245122985581,
        "Other": 0.1320754716981132,
        "White": 0.2161540672607071
      },
      "true_positive_rate": {
        "Amer-Indian-Eskimo": 0.5294117647058824,
        "Asian-Pac-Islander": 0.6576576576576577,
        "Black": 0.5692307692307692,
        "Other": 0.7058823529411765,
        "White": 0.6154136758594635
      },
      "false_positive_rate": {
        "Amer-Indian-Eskimo": 0.0392156862745098,
        "Asian-Pac-Islander": 0.11196911196911197,
        "Black": 0.03336510962821735,
        "Other": 0.02247191011235955,
        "White": 0.08048780487804878
      }
    },
    "difference": {
      "selection_rate": 0.1832244458198657,
      "true_positive_rate": 0.17647058823529416,
      "false_positive_rate": 0.08949720185675242
    },
    "ratio": {
      "selection_rate": 0.3353623043789186,
      "true_positive_rate": 0.75,
      "false_positive_rate": 0.2006974041069353
    },
    "flags": {
      "selection_rate": true,
      "true_positive_rate": true,
      "false_positive_rate": true
    }
  },
  "age_group": {
    "by_group": {
      "selection_rate": {
        "adult": 0.18588531821045998,
        "middle": 0.3240076518412243,
        "senior": 0.24831460674157305,
        "young": 0.013877207737594618
      },
      "true_positive_rate": {
        "adult": 0.5810313075506446,
        "middle": 0.6419131529263687,
        "senior": 0.6346153846153846,
        "young": 0.358974358974359
      },
      "false_positive_rate": {
        "adult": 0.0691156462585034,
        "middle": 0.12919398380254532,
        "senior": 0.13049853372434017,
        "young": 0.008123129542539546
      }
    },
    "difference": {
      "selection_rate": 0.3101304441036297,
      "true_positive_rate": 0.28293879395200977,
      "false_positive_rate": 0.12237540418180062
    },
    "ratio": {
      "selection_rate": 0.04282987657462781,
      "true_positive_rate": 0.5592257415786828,
      "false_positive_rate": 0.062246902786651355
    },
    "flags": {
      "selection_rate": true,
      "true_positive_rate": true,
      "false_positive_rate": true
    }
  }
}